{
  "lstm": {
    "mae": 60.47684930936255,
    "rmse": 83.0978186818744
  },
  "gcn": {
    "mae": 39.53806630914862,
    "rmse": 57.810352296811644
  },
  "gat": {
    "mae": 36.946518605164805,
    "rmse": 55.692399157078775
  }
}