{
  "lstm": {
    "mae": 174.73275387094867,
    "rmse": 195.59539025695958
  },
  "gcn": {
    "mae": 65.33172730476626,
    "rmse": 89.98511037534936
  },
  "gat": {
    "mae": 70.18748347989974,
    "rmse": 88.59291088765059
  }
}