{
  "lstm": {
    "mae": 121.63868188425526,
    "rmse": 154.42092420457297
  },
  "gcn": {
    "mae": 72.87698405778328,
    "rmse": 95.99445940462343
  },
  "gat": {
    "mae": 73.97305303474133,
    "rmse": 93.56784358717216
  }
}